{
  "POST /api/goods/1/view" : {
    "transaction" : "POST /api/goods/1/view",
    "sampleCount" : 100,
    "errorCount" : 20,
    "errorPct" : 20.0,
    "meanResTime" : 12561.849999999991,
    "medianResTime" : 21.5,
    "minResTime" : 3.0,
    "maxResTime" : 61534.0,
    "pct1ResTime" : 60013.8,
    "pct2ResTime" : 60016.95,
    "pct3ResTime" : 61518.99999999999,
    "throughput" : 0.08073990044770274,
    "receivedKBytesPerSec" : 0.032217112620050135,
    "sentKBytesPerSec" : 0.037452590539705864
  },
  "POST /api/auth/login" : {
    "transaction" : "POST /api/auth/login",
    "sampleCount" : 1000,
    "errorCount" : 0,
    "errorPct" : 0.0,
    "meanResTime" : 144.9059999999998,
    "medianResTime" : 110.5,
    "minResTime" : 65.0,
    "maxResTime" : 1247.0,
    "pct1ResTime" : 250.89999999999998,
    "pct2ResTime" : 332.7999999999997,
    "pct3ResTime" : 576.99,
    "throughput" : 0.769078728282178,
    "receivedKBytesPerSec" : 0.5277509861992667,
    "sentKBytesPerSec" : 0.16973807870290258
  },
  "POST /api/goods/2/view" : {
    "transaction" : "POST /api/goods/2/view",
    "sampleCount" : 100,
    "errorCount" : 20,
    "errorPct" : 20.0,
    "meanResTime" : 12557.700000000006,
    "medianResTime" : 30.0,
    "minResTime" : 4.0,
    "maxResTime" : 61219.0,
    "pct1ResTime" : 60012.0,
    "pct2ResTime" : 60016.95,
    "pct3ResTime" : 61207.009999999995,
    "throughput" : 0.08075744018296405,
    "receivedKBytesPerSec" : 0.03220124062608013,
    "sentKBytesPerSec" : 0.03746072664737102
  },
  "POST /api/goods/5/view" : {
    "transaction" : "POST /api/goods/5/view",
    "sampleCount" : 100,
    "errorCount" : 20,
    "errorPct" : 20.0,
    "meanResTime" : 12537.160000000003,
    "medianResTime" : 27.5,
    "minResTime" : 3.0,
    "maxResTime" : 60024.0,
    "pct1ResTime" : 60012.8,
    "pct2ResTime" : 60018.85,
    "pct3ResTime" : 60023.97,
    "throughput" : 0.08094793267074753,
    "receivedKBytesPerSec" : 0.03227719764530559,
    "sentKBytesPerSec" : 0.037549089861919016
  },
  "POST /api/goods/11/view" : {
    "transaction" : "POST /api/goods/11/view",
    "sampleCount" : 100,
    "errorCount" : 20,
    "errorPct" : 20.0,
    "meanResTime" : 12134.629999999996,
    "medianResTime" : 155.0,
    "minResTime" : 5.0,
    "maxResTime" : 60075.0,
    "pct1ResTime" : 60014.0,
    "pct2ResTime" : 60020.0,
    "pct3ResTime" : 60074.68,
    "throughput" : 0.08132038279130586,
    "receivedKBytesPerSec" : 0.03244873868020272,
    "sentKBytesPerSec" : 0.03780127168814609
  },
  "POST /api/goods/9/view" : {
    "transaction" : "POST /api/goods/9/view",
    "sampleCount" : 100,
    "errorCount" : 20,
    "errorPct" : 20.0,
    "meanResTime" : 12540.880000000005,
    "medianResTime" : 39.5,
    "minResTime" : 3.0,
    "maxResTime" : 60021.0,
    "pct1ResTime" : 60010.0,
    "pct2ResTime" : 60016.0,
    "pct3ResTime" : 60020.98,
    "throughput" : 0.08113122895151678,
    "receivedKBytesPerSec" : 0.032373261864833754,
    "sentKBytesPerSec" : 0.03763411499215867
  },
  "POST /api/goods/6/view" : {
    "transaction" : "POST /api/goods/6/view",
    "sampleCount" : 100,
    "errorCount" : 20,
    "errorPct" : 20.0,
    "meanResTime" : 12534.57999999999,
    "medianResTime" : 28.0,
    "minResTime" : 3.0,
    "maxResTime" : 60065.0,
    "pct1ResTime" : 60008.9,
    "pct2ResTime" : 60016.0,
    "pct3ResTime" : 60064.56,
    "throughput" : 0.08104673478914882,
    "receivedKBytesPerSec" : 0.03231659402515367,
    "sentKBytesPerSec" : 0.037594920922700864
  },
  "POST /api/goods/3/view" : {
    "transaction" : "POST /api/goods/3/view",
    "sampleCount" : 100,
    "errorCount" : 20,
    "errorPct" : 20.0,
    "meanResTime" : 12555.509999999986,
    "medianResTime" : 40.5,
    "minResTime" : 4.0,
    "maxResTime" : 60224.0,
    "pct1ResTime" : 60013.9,
    "pct2ResTime" : 60017.95,
    "pct3ResTime" : 60221.96,
    "throughput" : 0.08085028629086376,
    "receivedKBytesPerSec" : 0.03223826210490486,
    "sentKBytesPerSec" : 0.03750379491031278
  },
  "Total" : {
    "transaction" : "Total",
    "sampleCount" : 3000,
    "errorCount" : 403,
    "errorPct" : 13.433333,
    "meanResTime" : 8568.432333333367,
    "medianResTime" : 111.0,
    "minResTime" : 3.0,
    "maxResTime" : 61534.0,
    "pct1ResTime" : 60007.0,
    "pct2ResTime" : 60014.0,
    "pct3ResTime" : 60020.99,
    "throughput" : 2.307078269937386,
    "receivedKBytesPerSec" : 2.04709413037953,
    "sentKBytesPerSec" : 0.8151376152962365
  },
  "POST /api/goods/12/view" : {
    "transaction" : "POST /api/goods/12/view",
    "sampleCount" : 100,
    "errorCount" : 20,
    "errorPct" : 20.0,
    "meanResTime" : 12131.700000000008,
    "medianResTime" : 159.5,
    "minResTime" : 8.0,
    "maxResTime" : 60057.0,
    "pct1ResTime" : 60007.9,
    "pct2ResTime" : 60015.8,
    "pct3ResTime" : 60056.76,
    "throughput" : 0.08141505885494604,
    "receivedKBytesPerSec" : 0.03248651664856539,
    "sentKBytesPerSec" : 0.037845281264603826
  },
  "POST /api/goods/10/view" : {
    "transaction" : "POST /api/goods/10/view",
    "sampleCount" : 100,
    "errorCount" : 20,
    "errorPct" : 20.0,
    "meanResTime" : 12370.6,
    "medianResTime" : 19.5,
    "minResTime" : 3.0,
    "maxResTime" : 60021.0,
    "pct1ResTime" : 60008.9,
    "pct2ResTime" : 60013.0,
    "pct3ResTime" : 60020.95,
    "throughput" : 0.08122559678476599,
    "receivedKBytesPerSec" : 0.03241091684204627,
    "sentKBytesPerSec" : 0.03775721100541856
  },
  "GET /api/goods" : {
    "transaction" : "GET /api/goods",
    "sampleCount" : 1000,
    "errorCount" : 203,
    "errorPct" : 20.3,
    "meanResTime" : 13150.599000000013,
    "medianResTime" : 145.5,
    "minResTime" : 4.0,
    "maxResTime" : 60366.0,
    "pct1ResTime" : 60010.0,
    "pct2ResTime" : 60015.0,
    "pct3ResTime" : 60027.99,
    "throughput" : 0.7695024627926321,
    "receivedKBytesPerSec" : 1.213358096243212,
    "sentKBytesPerSec" : 0.2885634235472371
  },
  "POST /api/goods/15/view" : {
    "transaction" : "POST /api/goods/15/view",
    "sampleCount" : 100,
    "errorCount" : 20,
    "errorPct" : 20.0,
    "meanResTime" : 12173.31,
    "medianResTime" : 189.0,
    "minResTime" : 13.0,
    "maxResTime" : 60026.0,
    "pct1ResTime" : 60014.0,
    "pct2ResTime" : 60018.95,
    "pct3ResTime" : 60025.96,
    "throughput" : 0.0814996589239274,
    "receivedKBytesPerSec" : 0.032520274058903065,
    "sentKBytesPerSec" : 0.03788460707791938
  }
}