{
  "POST /api/goods/1/view" : {
    "transaction" : "POST /api/goods/1/view",
    "sampleCount" : 100,
    "errorCount" : 0,
    "errorPct" : 0.0,
    "meanResTime" : 982.1900000000003,
    "medianResTime" : 11.0,
    "minResTime" : 3.0,
    "maxResTime" : 46567.0,
    "pct1ResTime" : 107.80000000000001,
    "pct2ResTime" : 217.59999999999968,
    "pct3ResTime" : 46422.21999999993,
    "throughput" : 0.643297801851411,
    "receivedKBytesPerSec" : 0.2462624397712433,
    "sentKBytesPerSec" : 0.2984047420697463
  },
  "POST /api/auth/login" : {
    "transaction" : "POST /api/auth/login",
    "sampleCount" : 1000,
    "errorCount" : 0,
    "errorPct" : 0.0,
    "meanResTime" : 173.8530000000001,
    "medianResTime" : 133.0,
    "minResTime" : 66.0,
    "maxResTime" : 969.0,
    "pct1ResTime" : 326.79999999999995,
    "pct2ResTime" : 415.8499999999998,
    "pct3ResTime" : 573.0,
    "throughput" : 4.616592031762153,
    "receivedKBytesPerSec" : 3.1693986311804623,
    "sentKBytesPerSec" : 2.1638471792622687
  },
  "POST /api/goods/2/view" : {
    "transaction" : "POST /api/goods/2/view",
    "sampleCount" : 100,
    "errorCount" : 0,
    "errorPct" : 0.0,
    "meanResTime" : 955.99,
    "medianResTime" : 11.0,
    "minResTime" : 3.0,
    "maxResTime" : 45566.0,
    "pct1ResTime" : 108.70000000000002,
    "pct2ResTime" : 253.64999999999992,
    "pct3ResTime" : 45416.20999999992,
    "throughput" : 0.6471570391271146,
    "receivedKBytesPerSec" : 0.247556527145002,
    "sentKBytesPerSec" : 0.3001949156107221
  },
  "POST /api/goods/5/view" : {
    "transaction" : "POST /api/goods/5/view",
    "sampleCount" : 100,
    "errorCount" : 0,
    "errorPct" : 0.0,
    "meanResTime" : 896.9400000000002,
    "medianResTime" : 14.0,
    "minResTime" : 2.0,
    "maxResTime" : 42575.0,
    "pct1ResTime" : 101.30000000000004,
    "pct2ResTime" : 182.54999999999967,
    "pct3ResTime" : 42424.82999999992,
    "throughput" : 0.6592827004219409,
    "receivedKBytesPerSec" : 0.25182152599222046,
    "sentKBytesPerSec" : 0.3058196120121308
  },
  "POST /api/goods/11/view" : {
    "transaction" : "POST /api/goods/11/view",
    "sampleCount" : 100,
    "errorCount" : 0,
    "errorPct" : 0.0,
    "meanResTime" : 377.66999999999973,
    "medianResTime" : 99.5,
    "minResTime" : 4.0,
    "maxResTime" : 19510.0,
    "pct1ResTime" : 380.4000000000004,
    "pct2ResTime" : 732.1499999999992,
    "pct3ResTime" : 19360.009999999922,
    "throughput" : 0.6849596558762688,
    "receivedKBytesPerSec" : 0.26182315283504803,
    "sentKBytesPerSec" : 0.31839921503623436
  },
  "POST /api/goods/9/view" : {
    "transaction" : "POST /api/goods/9/view",
    "sampleCount" : 100,
    "errorCount" : 0,
    "errorPct" : 0.0,
    "meanResTime" : 835.1600000000004,
    "medianResTime" : 11.5,
    "minResTime" : 3.0,
    "maxResTime" : 39585.0,
    "pct1ResTime" : 83.40000000000003,
    "pct2ResTime" : 259.2999999999985,
    "pct3ResTime" : 39434.49999999993,
    "throughput" : 0.6718578886193992,
    "receivedKBytesPerSec" : 0.2568150534798879,
    "sentKBytesPerSec" : 0.31165282919356896
  },
  "POST /api/goods/6/view" : {
    "transaction" : "POST /api/goods/6/view",
    "sampleCount" : 100,
    "errorCount" : 0,
    "errorPct" : 0.0,
    "meanResTime" : 862.9000000000003,
    "medianResTime" : 12.0,
    "minResTime" : 3.0,
    "maxResTime" : 41062.0,
    "pct1ResTime" : 102.00000000000006,
    "pct2ResTime" : 185.95,
    "pct3ResTime" : 40912.22999999992,
    "throughput" : 0.6655972737135669,
    "receivedKBytesPerSec" : 0.25479895634347477,
    "sentKBytesPerSec" : 0.30874873536517994
  },
  "POST /api/goods/3/view" : {
    "transaction" : "POST /api/goods/3/view",
    "sampleCount" : 100,
    "errorCount" : 0,
    "errorPct" : 0.0,
    "meanResTime" : 925.8099999999995,
    "medianResTime" : 12.0,
    "minResTime" : 3.0,
    "maxResTime" : 44063.0,
    "pct1ResTime" : 102.60000000000008,
    "pct2ResTime" : 162.74999999999972,
    "pct3ResTime" : 43913.29999999992,
    "throughput" : 0.6532062629416491,
    "receivedKBytesPerSec" : 0.24968554242248073,
    "sentKBytesPerSec" : 0.3030009520481282
  },
  "Total" : {
    "transaction" : "Total",
    "sampleCount" : 3000,
    "errorCount" : 20,
    "errorPct" : 0.6666667,
    "meanResTime" : 747.5836666666678,
    "medianResTime" : 89.0,
    "minResTime" : 2.0,
    "maxResTime" : 60017.0,
    "pct1ResTime" : 332.0,
    "pct2ResTime" : 564.9499999999998,
    "pct3ResTime" : 29077.649999999667,
    "throughput" : 13.849200670301311,
    "receivedKBytesPerSec" : 13.393452869727493,
    "sentKBytesPerSec" : 6.03810722974439
  },
  "POST /api/goods/12/view" : {
    "transaction" : "POST /api/goods/12/view",
    "sampleCount" : 100,
    "errorCount" : 0,
    "errorPct" : 0.0,
    "meanResTime" : 341.4899999999998,
    "medianResTime" : 106.0,
    "minResTime" : 4.0,
    "maxResTime" : 17988.0,
    "pct1ResTime" : 340.5000000000001,
    "pct2ResTime" : 581.0999999999998,
    "pct3ResTime" : 17838.359999999924,
    "throughput" : 0.6918165025908528,
    "receivedKBytesPerSec" : 0.26444415570714025,
    "sentKBytesPerSec" : 0.32158657737621676
  },
  "POST /api/goods/10/view" : {
    "transaction" : "POST /api/goods/10/view",
    "sampleCount" : 100,
    "errorCount" : 0,
    "errorPct" : 0.0,
    "meanResTime" : 641.2499999999999,
    "medianResTime" : 9.0,
    "minResTime" : 3.0,
    "maxResTime" : 38082.0,
    "pct1ResTime" : 82.90000000000006,
    "pct2ResTime" : 192.95,
    "pct3ResTime" : 37932.10999999993,
    "throughput" : 0.6783708246275745,
    "receivedKBytesPerSec" : 0.2594967145653,
    "sentKBytesPerSec" : 0.315336438010474
  },
  "GET /api/goods" : {
    "transaction" : "GET /api/goods",
    "sampleCount" : 1000,
    "errorCount" : 20,
    "errorPct" : 2.0,
    "meanResTime" : 1354.0480000000016,
    "medianResTime" : 67.0,
    "minResTime" : 3.0,
    "maxResTime" : 60017.0,
    "pct1ResTime" : 551.5999999999999,
    "pct2ResTime" : 833.6999999999982,
    "pct3ResTime" : 60010.99,
    "throughput" : 4.626951995373048,
    "receivedKBytesPerSec" : 8.47839701417004,
    "sentKBytesPerSec" : 1.735106998264893
  },
  "POST /api/goods/15/view" : {
    "transaction" : "POST /api/goods/15/view",
    "sampleCount" : 100,
    "errorCount" : 0,
    "errorPct" : 0.0,
    "meanResTime" : 329.10000000000014,
    "medianResTime" : 102.0,
    "minResTime" : 4.0,
    "maxResTime" : 16484.0,
    "pct1ResTime" : 416.20000000000005,
    "pct2ResTime" : 817.0499999999993,
    "pct3ResTime" : 16334.299999999923,
    "throughput" : 0.6987241297390964,
    "receivedKBytesPerSec" : 0.2668866883445828,
    "sentKBytesPerSec" : 0.3247975446834081
  }
}